,OPEN,CLOSE,TRADEDATE
0,885.0,871.0,2015-06-23
1,870.0,871.0,2015-06-24
2,879.0,866.0,2015-06-25
3,866.0,855.0,2015-06-26
4,854.0,842.0,2015-06-29
5,840.0,848.0,2015-06-30
6,847.0,853.0,2015-07-01
7,850.0,853.0,2015-07-02
8,853.0,857.0,2015-07-03
9,853.0,860.0,2015-07-06
10,858.0,820.0,2015-07-07
11,840.0,845.0,2015-07-08
12,860.0,855.0,2015-07-09
13,854.0,845.0,2015-07-10
14,835.0,857.0,2015-07-13
15,858.0,880.0,2015-07-14
16,880.0,875.0,2015-07-15
17,875.0,873.0,2015-07-16
18,873.0,900.0,2015-07-17
19,885.0,891.0,2015-07-20
20,889.0,889.0,2015-07-21
21,887.0,865.0,2015-07-22
22,868.0,879.0,2015-07-23
23,874.0,867.0,2015-07-24
24,866.0,860.0,2015-07-27
25,860.0,883.0,2015-07-28
26,883.0,903.0,2015-07-29
27,905.0,898.0,2015-07-30
28,888.0,882.0,2015-07-31
29,864.0,866.0,2015-08-03
30,866.0,869.0,2015-08-04
31,868.0,878.0,2015-08-05
32,880.0,850.0,2015-08-06
33,854.0,860.0,2015-08-07
34,855.0,858.0,2015-08-10
35,858.0,851.0,2015-08-11
36,851.0,830.0,2015-08-12
37,837.0,839.0,2015-08-13
38,840.0,831.0,2015-08-14
39,828.0,835.0,2015-08-17
40,830.0,819.0,2015-08-18
41,822.0,799.0,2015-08-19
42,799.0,780.0,2015-08-20
43,780.0,770.0,2015-08-21
44,741.0,738.0,2015-08-24
45,732.0,764.0,2015-08-25
46,754.0,742.0,2015-08-26
47,748.0,776.0,2015-08-27
48,786.0,800.0,2015-08-28
49,801.0,805.0,2015-08-31
50,797.0,782.0,2015-09-01
51,775.0,780.0,2015-09-02
52,783.0,795.0,2015-09-03
53,789.0,790.0,2015-09-04
54,787.0,786.0,2015-09-07
55,788.0,786.0,2015-09-08
56,786.0,787.0,2015-09-09
57,787.0,773.0,2015-09-10
58,775.0,760.0,2015-09-11
59,762.0,809.0,2015-09-14
60,813.0,815.0,2015-09-15
61,814.0,862.0,2015-09-16
62,859.0,860.0,2015-09-17
63,860.0,841.0,2015-09-18
64,841.0,826.0,2015-09-21
65,820.0,775.0,2015-09-22
66,780.0,752.0,2015-09-23
67,750.0,714.0,2015-09-24
68,716.0,714.0,2015-09-25
69,712.0,694.0,2015-09-28
70,689.0,703.0,2015-09-29
71,710.0,713.0,2015-09-30
72,718.0,704.0,2015-10-01
73,706.0,730.0,2015-10-02
74,737.0,775.0,2015-10-05
75,784.0,769.0,2015-10-06
76,770.0,745.0,2015-10-07
77,749.0,736.0,2015-10-08
78,742.0,763.0,2015-10-09
79,764.0,743.0,2015-10-12
80,744.0,814.0,2015-10-13
81,804.0,818.0,2015-10-14
82,828.0,821.0,2015-10-15
83,828.0,813.0,2015-10-16
84,811.0,845.0,2015-10-19
85,842.0,834.0,2015-10-20
86,831.0,822.0,2015-10-21
87,820.0,836.0,2015-10-22
88,822.0,813.0,2015-10-23
89,815.0,838.0,2015-10-26
90,862.0,940.0,2015-10-27
91,960.0,1002.0,2015-10-28
92,996.0,1009.0,2015-10-29
93,995.0,1016.0,2015-10-30
94,1018.0,1030.0,2015-11-02
95,1030.3,1011.0,2015-11-03
96,1002.2,980.0,2015-11-05
97,982.1,994.9,2015-11-06
98,999.0,1012.0,2015-11-09
99,1021.1,1027.0,2015-11-10
100,1020.1,1040.0,2015-11-11
101,1040.5,1020.6,2015-11-12
102,1017.9,1001.0,2015-11-13
103,996.0,1015.1,2015-11-16
104,1014.9,1059.0,2015-11-17
105,1060.0,1094.0,2015-11-18
106,1099.0,1086.0,2015-11-19
107,1090.3,1111.0,2015-11-20
108,1112.0,1129.9,2015-11-23
109,1129.9,1092.0,2015-11-24
110,1095.6,1127.0,2015-11-25
111,1119.9,1117.7,2015-11-26
112,1116.2,1074.5,2015-11-27
113,1074.5,1094.0,2015-11-30
114,1097.2,1086.0,2015-12-01
115,1079.8,1104.0,2015-12-02
116,1105.0,1099.0,2015-12-03
117,1090.0,1087.1,2015-12-04
118,1091.5,1060.0,2015-12-07
119,1060.0,1038.9,2015-12-08
120,1038.9,1050.0,2015-12-09
121,1047.0,1030.3,2015-12-10
122,1030.1,1037.0,2015-12-11
123,1020.1,984.4,2015-12-14
124,995.0,1055.0,2015-12-15
125,1060.0,1067.0,2015-12-16
126,1070.0,1084.9,2015-12-17
127,1085.0,1075.1,2015-12-18
128,1085.0,1095.1,2015-12-21
129,1104.0,1090.1,2015-12-22
130,1090.8,1125.1,2015-12-23
131,1117.0,1129.1,2015-12-24
132,1110.2,1110.0,2015-12-25
133,1109.2,1119.5,2015-12-28
134,1121.1,1138.0,2015-12-29
135,1136.1,1147.0,2015-12-30
136,1148.9,1064.1,2016-01-04
137,1080.0,1133.9,2016-01-05
138,1131.9,1112.0,2016-01-06
139,1027.5,987.0,2016-01-11
140,982.5,999.0,2016-01-12
141,1004.1,1006.0,2016-01-13
142,995.2,1009.0,2016-01-14
143,1010.0,954.0,2016-01-15
144,949.0,963.0,2016-01-18
145,966.0,954.0,2016-01-19
146,946.9,912.5,2016-01-20
147,926.9,1020.0,2016-01-21
148,1020.3,1020.0,2016-01-22
149,1020.0,1002.1,2016-01-25
150,1003.0,1012.0,2016-01-26
151,1018.1,1049.9,2016-01-27
152,1049.6,1017.4,2016-01-28
153,1019.0,1007.0,2016-01-29
154,1015.0,1013.0,2016-02-01
155,1019.5,1012.0,2016-02-02
156,1012.5,1012.5,2016-02-03
157,1020.0,1054.0,2016-02-04
158,1046.0,1023.0,2016-02-05
159,1021.5,986.0,2016-02-08
160,992.5,992.0,2016-02-09
161,980.5,998.0,2016-02-10
162,999.0,1007.0,2016-02-11
163,1006.0,989.0,2016-02-12
164,1004.0,1008.0,2016-02-15
165,1014.5,1072.0,2016-02-16
166,1064.0,1044.0,2016-02-17
167,1035.0,1014.0,2016-02-18
168,1005.0,989.0,2016-02-19
169,985.5,988.0,2016-02-20
170,996.0,1002.5,2016-02-22
171,990.5,974.5,2016-02-24
172,990.0,982.0,2016-02-25
173,977.5,983.5,2016-02-26
174,980.0,978.0,2016-02-29
175,975.5,989.5,2016-03-01
176,995.0,1003.0,2016-03-02
177,1019.5,1018.0,2016-03-03
178,1006.0,999.0,2016-03-04
179,1095.5,1020.0,2016-03-07
180,1001.0,994.0,2016-03-09
181,990.0,978.5,2016-03-10
182,986.5,979.0,2016-03-11
183,993.0,1023.0,2016-03-14
184,1033.0,1004.0,2016-03-15
185,1000.0,1021.0,2016-03-16
186,1040.0,1032.0,2016-03-17
187,1040.0,1034.5,2016-03-18
188,1033.5,1022.0,2016-03-21
189,1026.0,1023.5,2016-03-22
190,1025.5,1020.5,2016-03-23
191,1028.0,1028.0,2016-03-24
192,1029.5,1032.5,2016-03-25
193,1035.0,1013.0,2016-03-28
194,1022.0,1036.0,2016-03-29
195,1039.0,1041.5,2016-03-30
196,1043.5,1022.0,2016-03-31
197,1025.0,1028.0,2016-04-01
198,1039.0,1033.0,2016-04-04
199,1033.0,1039.0,2016-04-05
200,1035.5,1041.0,2016-04-06
201,1041.0,1060.0,2016-04-07
202,1042.5,1018.0,2016-04-08
203,1015.0,1045.0,2016-04-11
204,1042.5,1088.5,2016-04-12
205,1093.0,1127.0,2016-04-13
206,1112.0,1109.5,2016-04-14
207,1104.5,1109.0,2016-04-15
208,1091.0,1130.0,2016-04-18
209,1139.5,1148.0,2016-04-19
210,1147.0,1186.0,2016-04-20
211,1186.0,1200.0,2016-04-21
212,1200.5,1196.0,2016-04-22
213,1197.5,1176.5,2016-04-25
214,1180.0,1173.0,2016-04-26
215,1182.0,1194.0,2016-04-27
216,1191.5,1300.0,2016-04-28
217,1290.0,1301.0,2016-04-29
218,1301.5,1337.5,2016-05-04
219,1334.5,1316.5,2016-05-05
220,1315.5,1291.0,2016-05-06
221,1283.5,1291.5,2016-05-10
222,1298.0,1286.0,2016-05-11
223,1286.5,1277.0,2016-05-12
224,1264.0,1276.5,2016-05-13
225,1263.5,1297.0,2016-05-16
226,1299.5,1278.5,2016-05-17
227,1276.5,1267.5,2016-05-18
228,1265.0,1261.0,2016-05-19
229,1260.5,1278.0,2016-05-20
230,1276.0,1288.0,2016-05-23
231,1285.0,1289.5,2016-05-24
232,1287.5,1305.0,2016-05-25
233,1302.5,1303.5,2016-05-26
234,1310.0,1311.0,2016-05-27
235,1321.0,1317.5,2016-05-30
236,1318.0,1357.0,2016-05-31
237,1370.0,1369.5,2016-06-01
238,1369.5,1371.0,2016-06-02
239,1372.5,1370.0,2016-06-03
240,1390.0,1399.0,2016-06-06
241,1405.0,1413.0,2016-06-07
242,1422.0,1450.0,2016-06-08
243,1452.5,1464.0,2016-06-09
244,1469.0,1430.0,2016-06-10
245,1431.0,1375.5,2016-06-14
246,1385.0,1408.5,2016-06-15
247,1402.0,1380.0,2016-06-16
248,1366.0,1406.0,2016-06-17
249,1424.5,1418.5,2016-06-20
250,1427.0,1377.0,2016-06-21
251,1384.5,1407.0,2016-06-22
252,1406.0,1428.0,2016-06-23
253,1401.5,1379.5,2016-06-24
254,1391.0,1291.0,2016-06-27
255,1300.5,1336.0,2016-06-28
256,1359.5,1372.5,2016-06-29
257,1375.0,1399.0,2016-06-30
258,1408.5,1403.0,2016-07-01
259,1401.5,1390.0,2016-07-04
260,1380.5,1383.0,2016-07-05
261,1380.5,1373.5,2016-07-06
262,1378.0,1390.0,2016-07-07
263,1391.0,1413.0,2016-07-08
264,1425.0,1407.0,2016-07-11
265,1410.0,1473.0,2016-07-12
266,1473.0,1403.0,2016-07-13
267,1413.5,1391.0,2016-07-14
268,1390.0,1373.5,2016-07-15
269,1375.0,1354.0,2016-07-18
270,1358.0,1345.5,2016-07-19
271,1343.0,1360.0,2016-07-20
272,1357.5,1376.0,2016-07-21
273,1370.5,1387.5,2016-07-22
274,1398.0,1377.5,2016-07-25
275,1373.0,1404.0,2016-07-26
276,1392.5,1419.0,2016-07-27
277,1439.0,1485.5,2016-07-28
278,1487.0,1442.0,2016-07-29
279,1457.0,1438.5,2016-08-01
280,1434.0,1416.0,2016-08-02
281,1415.0,1409.0,2016-08-03
282,1402.5,1417.0,2016-08-04
283,1412.0,1429.0,2016-08-05
284,1428.0,1420.0,2016-08-08
285,1415.0,1447.0,2016-08-09
286,1455.0,1447.0,2016-08-10
287,1445.5,1485.0,2016-08-11
288,1494.0,1506.0,2016-08-12
289,1506.5,1498.0,2016-08-15
290,1498.0,1491.0,2016-08-16
291,1493.0,1459.0,2016-08-17
292,1462.0,1451.0,2016-08-18
293,1464.5,1445.5,2016-08-19
294,1433.5,1441.0,2016-08-22
295,1433.5,1449.0,2016-08-23
296,1459.0,1453.0,2016-08-24
297,1465.0,1444.5,2016-08-25
298,1441.0,1447.0,2016-08-26
299,1440.5,1442.0,2016-08-29
300,1442.5,1437.5,2016-08-30
301,1440.0,1428.0,2016-08-31
302,1430.5,1464.0,2016-09-01
303,1464.5,1463.0,2016-09-02
304,1463.0,1455.5,2016-09-05
305,1458.5,1441.0,2016-09-06
306,1439.0,1418.0,2016-09-07
307,1420.0,1409.0,2016-09-08
308,1410.0,1370.0,2016-09-09
309,1360.0,1350.0,2016-09-12
310,1359.5,1326.0,2016-09-13
311,1326.5,1321.5,2016-09-14
312,1324.0,1319.5,2016-09-15
313,1339.0,1335.0,2016-09-16
314,1348.0,1341.0,2016-09-19
315,1340.5,1341.0,2016-09-20
316,1359.0,1348.5,2016-09-21
317,1361.0,1401.0,2016-09-22
318,1408.0,1398.5,2016-09-23
319,1381.0,1370.0,2016-09-26
320,1370.5,1353.0,2016-09-27
321,1363.0,1355.0,2016-09-28
322,1364.5,1353.0,2016-09-29
323,1350.0,1341.0,2016-09-30
324,1327.0,1356.0,2016-10-03
325,1365.0,1346.0,2016-10-04
326,1333.0,1371.0,2016-10-05
327,1378.0,1376.5,2016-10-06
328,1375.0,1367.0,2016-10-07
329,1361.5,1352.5,2016-10-10
330,1350.0,1350.5,2016-10-11
331,1353.5,1290.0,2016-10-12
332,1277.0,1231.0,2016-10-13
333,1209.5,1212.0,2016-10-14
334,1202.5,1186.0,2016-10-17
335,1194.0,1228.5,2016-10-18
336,1236.5,1238.5,2016-10-19
337,1244.0,1234.0,2016-10-20
338,1222.5,1213.5,2016-10-21
339,1235.0,1221.0,2016-10-24
340,1221.5,1222.5,2016-10-25
341,1225.0,1194.5,2016-10-26
342,1209.5,1261.0,2016-10-27
343,1271.0,1270.0,2016-10-28
344,1279.0,1256.0,2016-10-31
345,1259.5,1243.5,2016-11-01
346,1243.0,1212.0,2016-11-02
347,1210.0,1190.0,2016-11-03
348,1191.5,1196.0,2016-11-07
349,1190.0,1197.0,2016-11-08
350,1180.0,1234.0,2016-11-09
351,1241.5,1240.5,2016-11-10
352,1244.5,1225.0,2016-11-11
353,1225.0,1195.0,2016-11-14
354,1195.0,1170.0,2016-11-15
355,1172.0,1164.0,2016-11-16
356,1150.5,1150.0,2016-11-17
357,1159.0,1203.5,2016-11-18
358,1200.0,1201.0,2016-11-21
359,1200.0,1177.0,2016-11-22
360,1203.0,1228.0,2016-11-23
361,1230.0,1228.5,2016-11-24
362,1223.0,1221.5,2016-11-25
363,1222.5,1213.0,2016-11-28
364,1204.5,1215.0,2016-11-29
365,1216.0,1201.5,2016-11-30
366,1210.5,1217.0,2016-12-01
367,1195.5,1197.5,2016-12-02
368,1184.5,1199.0,2016-12-05
369,1215.0,1231.0,2016-12-06
370,1234.5,1243.0,2016-12-07
371,1249.0,1252.0,2016-12-08
372,1262.0,1248.0,2016-12-09
373,1245.5,1239.0,2016-12-12
374,1240.0,1277.0,2016-12-13
375,1279.0,1282.5,2016-12-14
376,1285.0,1292.0,2016-12-15
377,1274.5,1263.0,2016-12-16
378,1271.0,1255.0,2016-12-19
379,1259.5,1267.0,2016-12-20
380,1271.0,1245.0,2016-12-21
381,1246.0,1246.0,2016-12-22
382,1242.5,1252.0,2016-12-23
383,1252.0,1245.0,2016-12-26
384,1251.0,1237.0,2016-12-27
385,1237.0,1228.0,2016-12-28
386,1239.0,1241.0,2016-12-29
387,1240.0,1247.5,2016-12-30
388,1256.0,1241.0,2017-01-03
389,1247.5,1239.0,2017-01-04
390,1246.5,1252.0,2017-01-05
391,1290.0,1291.0,2017-01-06
392,1295.0,1317.0,2017-01-09
393,1321.5,1319.5,2017-01-10
394,1309.0,1299.0,2017-01-11
395,1293.5,1271.5,2017-01-12
396,1272.0,1286.5,2017-01-13
397,1284.5,1305.0,2017-01-16
398,1291.5,1303.0,2017-01-17
399,1296.0,1299.0,2017-01-18
400,1304.5,1307.0,2017-01-19
401,1315.0,1315.0,2017-01-20
402,1310.5,1295.0,2017-01-23
403,1301.5,1349.0,2017-01-24
404,1350.0,1381.0,2017-01-25
405,1394.0,1411.0,2017-01-26
406,1411.5,1418.5,2017-01-27
407,1408.5,1370.0,2017-01-30
408,1375.0,1379.0,2017-01-31
409,1380.0,1384.0,2017-02-01
410,1391.0,1370.0,2017-02-02
411,1370.5,1387.0,2017-02-03
412,1394.0,1357.5,2017-02-06
413,1358.0,1382.0,2017-02-07
414,1367.5,1350.0,2017-02-08
415,1363.0,1356.5,2017-02-09
416,1360.0,1345.0,2017-02-10
417,1357.0,1335.0,2017-02-13
418,1334.0,1312.0,2017-02-14
419,1316.5,1316.0,2017-02-15
420,1335.5,1401.0,2017-02-16
421,1400.0,1425.0,2017-02-17
422,1427.0,1425.0,2017-02-20
423,1423.0,1395.0,2017-02-21
424,1397.0,1399.0,2017-02-22
425,1380.0,1368.5,2017-02-24
426,1371.0,1354.0,2017-02-27
427,1343.5,1330.0,2017-02-28
428,1325.0,1334.0,2017-03-01
429,1358.5,1358.5,2017-03-02
430,1358.5,1370.0,2017-03-03
431,1370.0,1359.0,2017-03-06
432,1372.0,1364.0,2017-03-07
433,1370.5,1359.5,2017-03-09
434,1361.0,1360.0,2017-03-10
435,1350.5,1366.5,2017-03-13
436,1378.5,1357.0,2017-03-14
437,1369.0,1341.0,2017-03-15
438,1351.5,1375.0,2017-03-16
439,1377.5,1354.0,2017-03-17
440,1359.5,1347.0,2017-03-20
441,1342.0,1311.0,2017-03-21
442,1294.0,1291.0,2017-03-22
443,1292.0,1288.0,2017-03-23
444,1290.0,1280.0,2017-03-24
445,1270.0,1261.0,2017-03-27
446,1262.0,1275.0,2017-03-28
447,1278.0,1262.0,2017-03-29
448,1262.5,1247.5,2017-03-30
449,1244.5,1245.5,2017-03-31
450,1232.0,1242.0,2017-04-03
451,1240.0,1239.0,2017-04-04
452,1237.5,1298.0,2017-04-05
453,1281.0,1289.0,2017-04-06
454,1286.0,1260.0,2017-04-07
455,1260.0,1249.5,2017-04-10
456,1230.0,1251.0,2017-04-11
457,1257.0,1284.0,2017-04-12
458,1298.0,1289.0,2017-04-13
459,1270.5,1268.5,2017-04-14
460,1266.5,1367.5,2017-04-17
461,1370.0,1336.5,2017-04-18
462,1337.5,1329.5,2017-04-19
463,1321.5,1328.0,2017-04-20
464,1328.0,1310.0,2017-04-21
465,1315.5,1317.0,2017-04-24
466,1315.0,1338.0,2017-04-25
467,1344.0,1404.0,2017-04-26
468,1410.0,1520.0,2017-04-27
469,1530.5,1534.5,2017-04-28
470,1552.5,1549.0,2017-05-02
471,1549.0,1528.0,2017-05-03
472,1548.5,1581.0,2017-05-04
473,1553.0,1570.0,2017-05-05
474,1577.0,1590.0,2017-05-10
475,1589.5,1562.5,2017-05-11
476,1575.0,1592.0,2017-05-12
477,1601.0,1619.0,2017-05-15
478,1619.0,1611.0,2017-05-16
479,1625.0,1608.0,2017-05-17
480,1589.5,1565.0,2017-05-18
481,1581.0,1614.5,2017-05-19
482,1618.0,1608.0,2017-05-22
483,1618.0,1611.5,2017-05-23
484,1618.5,1611.0,2017-05-24
485,1600.5,1584.0,2017-05-25
486,1590.0,1568.0,2017-05-26
487,1565.0,1573.5,2017-05-29
488,1565.0,1552.0,2017-05-30
489,1568.0,1505.0,2017-05-31
490,1485.5,1520.5,2017-06-01
491,1507.5,1478.0,2017-06-02
492,1494.0,1525.0,2017-06-05
493,1538.5,1524.5,2017-06-06
494,1539.5,1526.0,2017-06-07
495,1526.0,1521.5,2017-06-08
496,1523.5,1541.5,2017-06-09
497,1491.0,1480.0,2017-06-13
498,1490.5,1482.5,2017-06-14
499,1461.5,1495.5,2017-06-15
500,1503.0,1464.5,2017-06-16
501,1475.0,1541.0,2017-06-19
502,1548.5,1554.0,2017-06-20
503,1554.0,1585.0,2017-06-21
504,1595.0,1618.0,2017-06-22
505,1611.5,1616.5,2017-06-23
506,1629.5,1608.0,2017-06-26
507,1614.0,1582.5,2017-06-27
508,1582.5,1612.0,2017-06-28
509,1630.5,1588.0,2017-06-29
510,1588.0,1536.0,2017-06-30
511,1553.0,1560.0,2017-07-03
512,1549.0,1566.5,2017-07-04
513,1570.5,1558.5,2017-07-05
514,1569.5,1564.0,2017-07-06
515,1574.5,1578.5,2017-07-07
516,1597.0,1594.0,2017-07-10
517,1604.0,1612.0,2017-07-11
518,1613.0,1632.0,2017-07-12
519,1640.0,1898.5,2017-07-13
520,1909.5,1867.0,2017-07-14
521,1865.0,1866.0,2017-07-17
522,1865.5,1867.0,2017-07-18
523,1879.0,1849.0,2017-07-19
524,1850.0,1845.0,2017-07-20
525,1840.0,1856.0,2017-07-21
526,1856.0,1916.0,2017-07-24
527,1925.0,1906.0,2017-07-25
528,1903.0,1899.5,2017-07-26
529,1900.0,1888.5,2017-07-27
530,1837.5,1754.5,2017-07-28
531,1764.0,1743.0,2017-07-31
532,1758.0,1746.5,2017-08-01
533,1756.0,1719.0,2017-08-02
534,1710.0,1744.0,2017-08-03
535,1751.0,1770.5,2017-08-04
536,1770.5,1795.5,2017-08-07
537,1817.0,1792.5,2017-08-08
538,1794.5,1835.5,2017-08-09
539,1864.0,1786.0,2017-08-10
540,1774.0,1731.5,2017-08-11
541,1742.0,1765.5,2017-08-14
542,1792.0,1798.0,2017-08-15
543,1805.0,1818.0,2017-08-16
544,1821.5,1832.0,2017-08-17
545,1820.0,1785.0,2017-08-18
546,1780.0,1769.0,2017-08-21
547,1779.5,1756.0,2017-08-22
548,1770.0,1765.0,2017-08-23
549,1771.0,1768.0,2017-08-24
550,1767.5,1757.0,2017-08-25
551,1759.5,1725.5,2017-08-28
552,1730.0,1743.0,2017-08-29
553,1746.5,1728.5,2017-08-30
554,1737.0,1752.0,2017-08-31
555,1746.5,1820.0,2017-09-01
556,1817.0,1833.0,2017-09-04
557,1831.5,1863.0,2017-09-05
558,1861.5,1843.0,2017-09-06
559,1849.0,1820.0,2017-09-07
560,1855.5,1865.5,2017-09-08
561,1859.5,1867.0,2017-09-11
562,1867.0,1903.5,2017-09-12
563,1903.0,1876.0,2017-09-13
564,1871.5,1858.0,2017-09-14
565,1869.0,1895.0,2017-09-15
566,1890.0,1893.5,2017-09-18
567,1892.5,1872.5,2017-09-19
568,1880.0,1872.0,2017-09-20
569,1884.5,1872.0,2017-09-21
570,1875.0,1922.0,2017-09-22
571,1900.5,1853.0,2017-09-25
572,1864.5,1848.0,2017-09-26
573,1857.5,1867.0,2017-09-27
574,1876.0,1856.5,2017-09-28
575,1865.5,1873.0,2017-09-29
576,1880.5,1906.5,2017-10-02
577,1914.5,1961.0,2017-10-03
578,1951.0,1942.5,2017-10-04
579,1934.5,1925.0,2017-10-05
580,1939.0,1893.0,2017-10-06
581,1907.5,1920.0,2017-10-09
582,1910.0,1840.0,2017-10-10
583,1854.5,1855.5,2017-10-11
584,1855.0,1863.0,2017-10-12
585,1864.0,1858.0,2017-10-13
586,1850.0,1832.0,2017-10-16
587,1832.0,1833.0,2017-10-17
588,1833.0,1852.0,2017-10-18
589,1859.0,1839.5,2017-10-19
590,1825.0,1796.0,2017-10-20
591,1796.0,1799.0,2017-10-23
592,1787.0,1889.0,2017-10-24
593,1899.5,1855.0,2017-10-25
594,1859.5,1896.0,2017-10-26
595,1908.0,1921.0,2017-10-27
596,1919.0,1898.0,2017-10-30
597,1900.5,1950.0,2017-10-31
598,1950.0,1991.5,2017-11-01
599,1980.0,1932.0,2017-11-02
600,1932.5,1965.0,2017-11-03
601,1966.0,1950.5,2017-11-07
602,1944.0,1935.5,2017-11-08
603,1933.5,1890.0,2017-11-09
604,1890.0,1856.5,2017-11-10
605,1856.0,1860.0,2017-11-13
606,1874.5,1890.0,2017-11-14
607,1890.0,1873.0,2017-11-15
608,1889.0,1925.5,2017-11-16
609,1926.5,1949.5,2017-11-17
610,1965.0,2002.5,2017-11-20
611,2001.0,2038.0,2017-11-21
612,2030.0,1975.0,2017-11-22
613,1980.5,1987.5,2017-11-23
614,1981.5,2025.0,2017-11-24
615,2033.0,2017.0,2017-11-27
616,2019.0,1991.5,2017-11-28
617,2002.5,1957.0,2017-11-29
618,1949.5,1940.5,2017-11-30
619,1935.0,1931.5,2017-12-01
620,1932.0,1907.0,2017-12-04
621,1900.0,1899.0,2017-12-05
622,1899.5,1900.0,2017-12-06
623,1920.0,1949.5,2017-12-07
624,1949.5,1957.0,2017-12-08
625,1960.0,1997.5,2017-12-11
626,1996.0,1954.0,2017-12-12
627,1935.0,1938.0,2017-12-13
628,1935.0,1919.0,2017-12-14
629,1915.0,1895.0,2017-12-15
630,1895.0,1892.0,2017-12-18
631,1892.0,1902.0,2017-12-19
632,1898.0,1873.5,2017-12-20
633,1885.5,1884.0,2017-12-21
634,1865.0,1832.0,2017-12-22
635,1832.5,1847.0,2017-12-25
636,1852.0,1840.0,2017-12-26
637,1845.0,1865.0,2017-12-27
638,1867.5,1883.5,2017-12-28
639,1880.0,1894.0,2017-12-29
640,1919.0,1943.5,2018-01-03
641,1943.0,1978.0,2018-01-04
642,1966.0,1942.5,2018-01-05
643,1957.5,1963.0,2018-01-09
644,1963.0,1972.0,2018-01-10
645,1963.5,1963.0,2018-01-11
646,1955.0,1955.0,2018-01-12
647,1958.0,1970.0,2018-01-15
648,1964.0,1992.5,2018-01-16
649,1993.0,2035.0,2018-01-17
650,2050.0,2099.0,2018-01-18
651,2112.0,2098.5,2018-01-19
652,2095.5,2118.5,2018-01-22
653,2131.5,2145.0,2018-01-23
654,2159.5,2138.0,2018-01-24
655,2138.5,2134.0,2018-01-25
656,2135.0,2176.0,2018-01-26
657,2191.5,2197.5,2018-01-29
658,2176.5,2150.0,2018-01-30
659,2160.5,2179.0,2018-01-31
660,2183.0,2202.0,2018-02-01
661,2190.5,2150.0,2018-02-02
662,2145.5,2150.0,2018-02-05
663,2073.0,2054.5,2018-02-06
664,2106.0,2140.5,2018-02-07
665,2137.0,2159.0,2018-02-08
666,2090.5,2086.5,2018-02-09
667,2101.5,2127.0,2018-02-12
668,2124.0,2135.0,2018-02-13
669,2155.0,2200.0,2018-02-14
670,2250.0,2283.5,2018-02-15
671,2341.5,2371.5,2018-02-16
672,2371.0,2416.5,2018-02-19
673,2420.0,2413.0,2018-02-20
674,2424.5,2473.5,2018-02-21
675,2469.0,2435.5,2018-02-22
676,2450.0,2383.0,2018-02-26
677,2363.0,2386.0,2018-02-27
678,2381.5,2343.5,2018-02-28
679,2329.5,2310.0,2018-03-01
680,2309.0,2280.5,2018-03-02
681,2313.5,2347.5,2018-03-05
682,2377.5,2389.5,2018-03-06
683,2399.0,2427.5,2018-03-07
684,2474.0,2469.0,2018-03-09
685,2465.0,2450.0,2018-03-12
686,2449.0,2415.0,2018-03-13
687,2425.0,2430.5,2018-03-14
688,2442.5,2446.0,2018-03-15
689,2441.0,2436.0,2018-03-16
690,2435.0,2426.0,2018-03-19
691,2427.5,2463.0,2018-03-20
692,2465.0,2497.5,2018-03-21
693,2487.5,2385.0,2018-03-22
694,2390.0,2385.5,2018-03-23
695,2377.0,2344.0,2018-03-26
696,2360.5,2364.0,2018-03-27
697,2339.5,2265.0,2018-03-28
698,2279.0,2314.0,2018-03-29
699,2288.5,2287.0,2018-03-30
700,2290.0,2253.0,2018-04-02
701,2250.0,2263.0,2018-04-03
702,2255.0,2249.5,2018-04-04
703,2264.5,2315.0,2018-04-05
704,2313.0,2312.0,2018-04-06
705,2310.0,2124.0,2018-04-09
706,2090.5,2169.0,2018-04-10
707,2168.5,2240.0,2018-04-11
708,2211.0,2161.5,2018-04-12
709,2139.5,2083.5,2018-04-13
710,2051.0,2020.5,2018-04-16
711,2148.5,2103.5,2018-04-17
712,2080.0,2142.0,2018-04-18
713,2160.0,2096.5,2018-04-19
714,2111.0,2084.5,2018-04-20
715,2095.0,2140.5,2018-04-23
716,2142.0,2105.5,2018-04-24
717,2090.5,2025.0,2018-04-25
718,2051.0,2061.0,2018-04-26
719,2075.0,2015.5,2018-04-27
720,2035.0,2030.0,2018-04-28
721,2035.5,2097.5,2018-04-30
722,2106.5,2215.0,2018-05-02
723,2203.5,2128.0,2018-05-03
724,2149.0,2107.0,2018-05-04
725,2115.5,2152.5,2018-05-07
726,2152.5,2127.5,2018-05-08
727,2140.5,2190.0,2018-05-10
728,2181.0,2201.0,2018-05-11
729,2196.0,2186.0,2018-05-14
730,2172.5,2118.5,2018-05-15
731,2126.0,2114.0,2018-05-16
732,2123.0,2131.0,2018-05-17
733,2120.0,2119.5,2018-05-18
734,2123.0,2142.0,2018-05-21
735,2149.0,2122.5,2018-05-22
736,2100.0,2086.5,2018-05-23
737,2103.5,2094.0,2018-05-24
738,2084.5,2089.0,2018-05-25
739,2089.0,2102.5,2018-05-28
740,2102.0,2079.0,2018-05-29
741,2059.5,2072.0,2018-05-30
742,2062.5,2076.5,2018-05-31
743,2088.5,2137.0,2018-06-01
744,2132.5,2163.5,2018-06-04
745,2188.5,2213.0,2018-06-05
746,2216.0,2214.0,2018-06-06
747,2234.5,2175.0,2018-06-07
748,2159.5,2144.0,2018-06-08
749,2147.0,2159.0,2018-06-09
750,2164.0,2192.5,2018-06-11
751,2252.5,2290.5,2018-06-13
752,2289.0,2292.0,2018-06-14
753,2300.0,2268.0,2018-06-15
754,2255.5,2287.0,2018-06-18
755,2310.0,2295.0,2018-06-19
756,2295.0,2301.5,2018-06-20
757,2304.5,2270.5,2018-06-21
758,2257.0,2220.0,2018-06-22
759,2232.0,2177.0,2018-06-25
760,2179.0,2185.0,2018-06-26
761,2197.5,2227.5,2018-06-27
762,2202.5,2193.5,2018-06-28
763,2206.0,2244.0,2018-06-29
764,2238.5,2257.5,2018-07-02
765,2280.0,2240.5,2018-07-03
766,2243.0,2236.0,2018-07-04
767,2230.0,2226.0,2018-07-05
768,2266.5,2315.0,2018-07-06
769,2320.0,2316.5,2018-07-09
770,2330.0,2302.5,2018-07-10
771,2299.5,2303.0,2018-07-11
772,2302.5,2345.0,2018-07-12
773,2376.0,2390.0,2018-07-13
774,2383.0,2333.0,2018-07-16
775,2333.5,2420.0,2018-07-17
776,2419.5,2398.5,2018-07-18
777,2390.0,2364.5,2018-07-19
778,2341.0,2329.5,2018-07-20
779,2338.5,2333.0,2018-07-23
780,2354.0,2377.0,2018-07-24
781,2363.0,2391.5,2018-07-25
782,2410.5,2430.0,2018-07-26
783,2384.5,2388.0,2018-07-27
784,2350.0,2242.5,2018-07-30
785,2240.5,2250.0,2018-07-31
786,2257.0,2272.0,2018-08-01
787,2266.0,2237.0,2018-08-02
788,2260.5,2252.5,2018-08-03
789,2260.0,2230.5,2018-08-06
790,2241.0,2272.5,2018-08-07
791,2255.0,2185.0,2018-08-08
792,2142.0,2132.0,2018-08-09
793,2134.0,2128.0,2018-08-10
794,2140.0,2152.5,2018-08-13
795,2165.0,2150.0,2018-08-14
796,2142.0,2091.0,2018-08-15
797,2105.5,2123.5,2018-08-16
798,2123.5,2099.0,2018-08-17
799,2108.0,2133.5,2018-08-20
800,2125.0,2164.0,2018-08-21
801,2163.5,2137.0,2018-08-22
802,2150.0,2120.0,2018-08-23
803,2118.0,2115.0,2018-08-24
804,2142.0,2151.0,2018-08-27
805,2158.0,2153.5,2018-08-28
806,2159.0,2168.5,2018-08-29
807,2170.0,2142.0,2018-08-30
808,2132.0,2150.0,2018-08-31
809,2159.0,2179.5,2018-09-03
810,2183.5,2168.0,2018-09-04
811,2170.0,2125.0,2018-09-05
812,2122.5,2105.5,2018-09-06
813,2080.0,2098.5,2018-09-07
814,2100.5,2111.5,2018-09-10
815,2123.5,2094.5,2018-09-11
816,2097.0,2066.5,2018-09-12
817,2070.5,2132.0,2018-09-13
818,2145.0,2187.0,2018-09-14
819,2192.0,2148.0,2018-09-17
820,2117.0,2144.5,2018-09-18
821,2140.0,2145.0,2018-09-19
822,2152.5,2174.5,2018-09-20
823,2178.0,2204.0,2018-09-21
824,2202.5,2193.5,2018-09-24
825,2196.5,2213.0,2018-09-25
826,2213.0,2216.0,2018-09-26
827,2194.0,2185.0,2018-09-27
828,2195.0,2160.5,2018-09-28
829,2168.0,2134.0,2018-10-01
830,2136.0,2136.5,2018-10-02
831,2143.5,2172.5,2018-10-03
832,2185.5,2157.5,2018-10-04
833,2151.0,2143.0,2018-10-05
834,2143.0,2170.5,2018-10-08
835,2197.5,2220.0,2018-10-09
836,2219.5,2146.0,2018-10-10
837,2111.5,2118.0,2018-10-11
838,2130.0,2140.0,2018-10-12
839,2152.0,2178.0,2018-10-15
840,2178.0,2307.0,2018-10-16
841,2308.0,2310.0,2018-10-17
842,2322.0,2235.0,2018-10-18
843,2012.0,1790.0,2018-10-19
844,1830.0,1755.0,2018-10-22
845,1764.5,1760.0,2018-10-23
846,1769.5,1781.0,2018-10-24
847,1749.5,1777.0,2018-10-25
848,1770.0,1761.5,2018-10-26
849,1777.0,1859.5,2018-10-29
850,1829.5,1843.0,2018-10-30
851,1875.0,1916.5,2018-10-31
852,1965.5,1999.0,2018-11-01
853,2006.5,1995.0,2018-11-02
854,2000.5,2002.0,2018-11-06
855,1999.5,1995.0,2018-11-07
856,1987.5,1982.0,2018-11-08
857,1954.5,1921.5,2018-11-09
858,1928.5,1886.0,2018-11-12
859,1886.0,1903.5,2018-11-13
860,1905.5,1940.0,2018-11-14
861,1940.0,1920.0,2018-11-15
862,1933.0,1916.0,2018-11-16
863,1927.0,1924.5,2018-11-19
864,1915.0,1902.0,2018-11-20
865,1879.5,1909.0,2018-11-21
866,1924.5,1921.0,2018-11-22
867,1912.0,1898.5,2018-11-23
868,1894.5,1920.0,2018-11-26
869,1924.0,1945.0,2018-11-27
870,1949.5,1945.5,2018-11-28
871,1976.0,1967.5,2018-11-29
872,1950.0,1965.0,2018-11-30
873,1975.0,1989.0,2018-12-03
874,1995.0,1957.5,2018-12-04
875,1949.5,1955.0,2018-12-05
876,1936.0,1914.0,2018-12-06
877,1913.5,1912.5,2018-12-07
878,1911.5,1903.0,2018-12-10
879,1890.0,1869.5,2018-12-11
880,1849.5,1871.5,2018-12-12
881,1900.0,1888.0,2018-12-13
882,1869.0,1860.5,2018-12-14
883,1868.5,1869.0,2018-12-17
884,1850.0,1856.0,2018-12-18
885,1850.0,1894.0,2018-12-19
886,1850.0,1864.0,2018-12-20
887,1860.0,1860.5,2018-12-21
888,1850.0,1840.5,2018-12-24
889,1829.5,1828.0,2018-12-25
890,1830.0,1832.0,2018-12-26
891,1870.0,1880.0,2018-12-27
892,1894.0,1916.0,2018-12-28
893,1920.5,1930.0,2018-12-29
894,1918.5,1859.5,2019-01-03
895,1861.5,1916.0,2019-01-04
896,1933.0,1926.5,2019-01-08
897,1936.5,1960.0,2019-01-09
898,1970.5,1985.0,2019-01-10
899,1983.0,1983.0,2019-01-11
900,1985.0,1992.5,2019-01-14
901,1993.5,1999.5,2019-01-15
902,1997.5,1980.0,2019-01-16
903,1979.5,1993.5,2019-01-17
904,2024.0,2044.5,2019-01-18
905,2048.5,2044.5,2019-01-21
906,2033.0,2051.0,2019-01-22
907,2039.0,2060.0,2019-01-23
908,2057.0,2083.0,2019-01-24
909,2099.5,2152.0,2019-01-25
910,2170.0,2167.0,2019-01-28
911,2176.5,2152.0,2019-01-29
912,2147.0,2157.0,2019-01-30
913,2180.5,2212.0,2019-01-31
914,2200.2,2197.2,2019-02-01
915,2195.0,2212.0,2019-02-04
916,2220.0,2250.8,2019-02-05
917,2261.0,2244.0,2019-02-06
918,2230.8,2192.2,2019-02-07
919,2189.0,2163.4,2019-02-08
920,2170.0,2196.0,2019-02-11
921,2206.0,2230.0,2019-02-12
922,2233.0,2258.0,2019-02-13
923,2229.0,2264.0,2019-02-14
924,2290.0,2200.2,2019-02-15
925,2140.0,2161.0,2019-02-18
926,2169.8,2126.6,2019-02-19
927,2161.0,2166.2,2019-02-20
928,2167.0,2115.0,2019-02-21
929,2108.0,2133.0,2019-02-22
930,2181.0,2214.6,2019-02-25
931,2198.0,2169.6,2019-02-26
932,2177.8,2163.0,2019-02-27
933,2165.0,2208.0,2019-02-28
934,2235.6,2247.4,2019-03-01
935,2260.0,2303.6,2019-03-04
936,2290.4,2340.2,2019-03-05
937,2355.0,2362.0,2019-03-06
938,2363.0,2329.2,2019-03-07
939,2320.0,2346.4,2019-03-11
940,2369.0,2355.0,2019-03-12
941,2349.6,2345.0,2019-03-13
942,2344.8,2303.4,2019-03-14
943,2325.0,2352.8,2019-03-15
944,2354.8,2306.0,2019-03-18
945,2323.8,2318.8,2019-03-19
946,2318.8,2301.4,2019-03-20
947,2299.8,2274.0,2019-03-21
948,2290.0,2276.4,2019-03-22
949,2274.0,2293.8,2019-03-25
950,2295.0,2315.8,2019-03-26
951,2306.6,2268.0,2019-03-27
952,2270.0,2317.8,2019-03-28
953,2332.2,2293.6,2019-03-29
954,2289.4,2243.4,2019-04-01
955,2238.0,2249.0,2019-04-02
956,2271.6,2268.2,2019-04-03
957,2265.0,2280.8,2019-04-04
958,2280.0,2298.0,2019-04-05
959,2291.4,2301.6,2019-04-08
960,2312.0,2346.0,2019-04-09
961,2330.2,2350.8,2019-04-10
962,2374.0,2434.0,2019-04-11
963,2435.2,2435.2,2019-04-12
964,2483.6,2453.0,2019-04-15
965,2477.0,2499.8,2019-04-16
966,2499.0,2451.0,2019-04-17
967,2449.2,2383.2,2019-04-18
968,2383.4,2415.2,2019-04-19
969,2417.0,2400.0,2019-04-22
970,2399.8,2412.8,2019-04-23
971,2420.8,2410.6,2019-04-24
972,2415.2,2407.6,2019-04-25
973,2407.6,2389.0,2019-04-26
974,2387.0,2406.0,2019-04-29
975,2406.0,2391.0,2019-04-30
976,2445.2,2413.0,2019-05-02
977,2409.8,2414.0,2019-05-03
978,2401.0,2407.0,2019-05-06
979,2400.0,2388.6,2019-05-07
980,2396.0,2379.0,2019-05-08
981,2371.0,2340.0,2019-05-10
982,2350.0,2286.6,2019-05-13
983,2299.8,2299.0,2019-05-14
984,2302.0,2312.0,2019-05-15
985,2330.0,2392.0,2019-05-16
986,2395.8,2425.0,2019-05-17
987,2449.0,2407.8,2019-05-20
988,2398.0,2392.4,2019-05-21
989,2400.0,2424.8,2019-05-22
990,2411.4,2365.0,2019-05-23
991,2365.2,2383.4,2019-05-24
992,2392.0,2404.6,2019-05-27
993,2396.4,2280.2,2019-05-28
994,2300.0,2350.2,2019-05-29
995,2357.0,2379.6,2019-05-30
996,2360.0,2336.6,2019-05-31
997,2330.2,2319.0,2019-06-03
998,2319.0,2341.0,2019-06-04
999,2354.8,2361.0,2019-06-05
1000,2366.0,2389.0,2019-06-06
1001,2402.2,2418.6,2019-06-07
1002,2415.0,2435.0,2019-06-10
1003,2438.0,2494.8,2019-06-11
1004,2488.4,2492.0,2019-06-13
1005,2488.0,2465.0,2019-06-14
1006,2459.8,2455.8,2019-06-17
1007,2475.8,2480.2,2019-06-18
1008,2488.8,2470.2,2019-06-19
1009,2490.0,2492.8,2019-06-20
1010,2488.8,2468.4,2019-06-21
1011,2483.8,2452.6,2019-06-24
1012,2446.8,2424.6,2019-06-25
1013,2399.8,2391.6,2019-06-26
1014,2391.8,2410.0,2019-06-27
1015,2435.2,2405.4,2019-06-28
1016,2420.0,2482.4,2019-07-01
1017,2482.8,2491.2,2019-07-02
1018,2501.2,2505.4,2019-07-03
1019,2499.6,2494.8,2019-07-04
1020,2494.8,2481.4,2019-07-05
1021,2488.6,2465.0,2019-07-08
1022,2456.2,2478.0,2019-07-09
1023,2493.4,2500.2,2019-07-10
1024,2503.6,2495.0,2019-07-11
1025,2509.2,2573.0,2019-07-12
1026,2565.0,2546.4,2019-07-15
1027,2538.2,2542.6,2019-07-16
1028,2554.8,2509.2,2019-07-17
1029,2499.2,2489.8,2019-07-18
1030,2506.0,2518.0,2019-07-19
1031,2491.0,2486.0,2019-07-22
1032,2496.0,2482.8,2019-07-23
1033,2497.2,2507.0,2019-07-24
1034,2520.0,2461.6,2019-07-25
1035,2456.0,2520.0,2019-07-26
1036,2436.0,2441.0,2019-07-29
1037,2486.6,2480.4,2019-07-30
1038,2481.4,2490.0,2019-07-31
1039,2488.6,2550.6,2019-08-01
1040,2489.8,2470.0,2019-08-02
1041,2449.8,2369.6,2019-08-05
1042,2381.4,2413.0,2019-08-06
1043,2419.0,2428.8,2019-08-07
1044,2417.2,2413.2,2019-08-08
1045,2425.0,2405.0,2019-08-09
1046,2410.0,2410.0,2019-08-12
1047,2384.6,2428.0,2019-08-13
1048,2440.0,2374.0,2019-08-14
1049,2390.0,2365.4,2019-08-15
1050,2374.8,2394.0,2019-08-16
1051,2420.0,2424.0,2019-08-19
1052,2437.6,2438.4,2019-08-20
1053,2438.0,2421.2,2019-08-21
1054,2412.0,2399.0,2019-08-22
1055,2410.0,2391.0,2019-08-23
1056,2379.8,2394.4,2019-08-26
1057,2394.0,2429.8,2019-08-27
1058,2431.0,2434.0,2019-08-28
1059,2424.0,2441.0,2019-08-29
1060,2443.4,2462.8,2019-08-30
1061,2470.0,2469.8,2019-09-02
1062,2473.6,2487.0,2019-09-03
1063,2487.0,2487.0,2019-09-04
1064,2500.4,2509.2,2019-09-05
1065,2514.0,2503.6,2019-09-06
1066,2507.0,2466.0,2019-09-09
1067,2463.2,2450.2,2019-09-10
1068,2456.4,2466.2,2019-09-11
1069,2466.2,2457.0,2019-09-12
1070,2457.0,2453.0,2019-09-13
1071,2449.0,2447.6,2019-09-16
1072,2440.0,2438.4,2019-09-17
1073,2439.2,2432.0,2019-09-18
1074,2419.8,2407.4,2019-09-19
1075,2409.8,2350.2,2019-09-20
1076,2343.8,2342.2,2019-09-23
1077,2305.0,2301.4,2019-09-24
1078,2308.0,2322.4,2019-09-25
1079,2332.0,2319.6,2019-09-26
1080,2323.8,2315.8,2019-09-27
1081,2310.0,2263.4,2019-09-30
1082,2271.4,2287.0,2019-10-01
1083,2284.0,2250.0,2019-10-02
1084,2234.2,2265.0,2019-10-03
1085,2280.2,2274.4,2019-10-04
1086,2270.0,2284.2,2019-10-07
1087,2296.6,2295.2,2019-10-08
1088,2305.4,2312.0,2019-10-09
1089,2307.4,2327.0,2019-10-10
1090,2314.8,1898.0,2019-10-11
1091,1935.8,1975.6,2019-10-14
1092,1970.2,1986.6,2019-10-15
1093,1975.0,1957.2,2019-10-16
1094,1949.6,1927.0,2019-10-17
1095,1929.2,1934.0,2019-10-18
1096,2043.0,2061.0,2019-10-21
1097,2093.0,2054.6,2019-10-22
1098,2054.6,2046.6,2019-10-23
1099,2049.8,2090.2,2019-10-24
1100,2100.0,2064.0,2019-10-25
1101,2073.4,2118.4,2019-10-28
1102,2138.8,2134.4,2019-10-29
1103,2142.0,2156.0,2019-10-30
1104,2156.0,2125.8,2019-10-31
1105,2141.8,2138.0,2019-11-01
1106,2162.6,2171.4,2019-11-05
1107,2178.0,2191.0,2019-11-06
1108,2185.0,2187.8,2019-11-07
1109,2176.8,2184.8,2019-11-08
1110,2184.8,2179.6,2019-11-11
1111,2183.0,2184.0,2019-11-12
1112,2175.0,2173.8,2019-11-13
1113,2180.0,2186.4,2019-11-14
1114,2201.6,2267.0,2019-11-15
1115,2375.0,2525.2,2019-11-18
1116,2545.2,2510.0,2019-11-19
1117,2492.6,2514.4,2019-11-20
1118,2538.0,2549.0,2019-11-21
1119,2541.0,2566.2,2019-11-22
1120,2570.4,2629.0,2019-11-25
1121,2624.6,2635.8,2019-11-26
1122,2648.8,2668.0,2019-11-27
1123,2669.0,2624.6,2019-11-28
1124,2624.6,2693.0,2019-11-29
1125,2695.0,2620.6,2019-12-02
1126,2631.2,2599.0,2019-12-03
1127,2601.0,2607.4,2019-12-04
1128,2603.8,2568.4,2019-12-05
1129,2568.6,2570.4,2019-12-06
1130,2575.0,2584.0,2019-12-09
1131,2578.8,2588.0,2019-12-10
1132,2577.0,2595.0,2019-12-11
1133,2610.8,2628.0,2019-12-12
1134,2636.0,2662.8,2019-12-13
1135,2700.2,2690.0,2019-12-16
1136,2676.0,2660.0,2019-12-17
1137,2634.4,2625.0,2019-12-18
1138,2617.2,2623.2,2019-12-19
1139,2653.0,2680.0,2019-12-20
1140,2680.4,2699.8,2019-12-23
1141,2704.6,2688.0,2019-12-24
1142,2688.0,2687.0,2019-12-25
1143,2689.0,2713.0,2019-12-26
1144,2713.4,2736.0,2019-12-27
1145,2736.0,2697.0,2019-12-30
1146,2712.8,2685.0,2020-01-03
1147,2682.4,2672.0,2020-01-06
1148,2663.8,2677.0,2020-01-08
1149,2682.6,2728.4,2020-01-09
1150,2728.4,2725.0,2020-01-10
1151,2715.0,2703.4,2020-01-13
1152,2719.0,2685.0,2020-01-14
1153,2677.0,2690.0,2020-01-15
1154,2678.8,2719.8,2020-01-16
1155,2730.0,2772.8,2020-01-17
1156,2791.0,2800.0,2020-01-20
1157,2800.0,2770.0,2020-01-21
1158,2800.0,2790.0,2020-01-22
1159,2790.8,2820.2,2020-01-23
1160,2798.0,2798.0,2020-01-24
1161,2780.2,2780.0,2020-01-27
1162,2784.6,2799.8,2020-01-28
1163,2812.4,2890.0,2020-01-29
1164,2881.4,2888.0,2020-01-30
1165,2910.0,2873.4,2020-01-31
1166,2856.8,2880.6,2020-02-03
1167,2912.4,2990.0,2020-02-04
1168,3018.2,3008.2,2020-02-05
1169,3029.4,3048.2,2020-02-06
1170,3058.6,3103.8,2020-02-07
1171,3103.8,3087.2,2020-02-10
1172,3095.0,3085.0,2020-02-11
1173,3084.6,3037.2,2020-02-12
1174,3067.0,3087.4,2020-02-13
1175,3120.0,3011.0,2020-02-14
1176,2980.0,2983.6,2020-02-17
1177,2993.0,2937.0,2020-02-18
1178,2918.6,2953.0,2020-02-19
1179,2942.8,2988.4,2020-02-20
1180,2970.2,2911.8,2020-02-21
1181,2800.0,2681.8,2020-02-25
1182,2661.6,2690.8,2020-02-26
1183,2666.0,2678.2,2020-02-27
1184,2622.0,2659.8,2020-02-28
1185,2749.8,2721.4,2020-03-02
1186,2745.0,2723.0,2020-03-03
1187,2680.0,2654.2,2020-03-04
1188,2755.0,2728.2,2020-03-05
1189,2700.8,2685.0,2020-03-06
1190,2509.2,2590.0,2020-03-10
1191,2616.8,2615.0,2020-03-11
1192,2559.8,2460.0,2020-03-12
1193,2439.8,2470.0,2020-03-13
1194,2459.6,2370.0,2020-03-16
1195,2312.8,2425.0,2020-03-17
1196,2357.0,2318.8,2020-03-18
1197,2346.8,2434.0,2020-03-19
1198,2482.6,2455.2,2020-03-20
1199,2368.6,2299.8,2020-03-23
1200,2363.0,2459.0,2020-03-24
1201,2550.0,2555.8,2020-03-25
1202,2584.0,2610.0,2020-03-26
1203,2650.0,2597.0,2020-03-27
1204,2577.2,2670.2,2020-03-30
1205,2700.0,2714.4,2020-03-31
1206,2652.0,2605.8,2020-04-01
1207,2621.0,2550.8,2020-04-02
1208,2540.2,2520.0,2020-04-03
1209,2566.4,2582.0,2020-04-06
1210,2609.0,2668.0,2020-04-07
1211,2622.0,2742.6,2020-04-08
1212,2724.8,2697.2,2020-04-09
1213,2705.6,2701.0,2020-04-10
1214,2659.6,2659.0,2020-04-13
1215,2698.8,2755.6,2020-04-14
1216,2718.6,2588.2,2020-04-15
1217,2603.0,2637.8,2020-04-16
1218,2659.6,2630.4,2020-04-17
1219,2670.0,2736.4,2020-04-20
1220,2681.6,2659.2,2020-04-21
1221,2651.6,2655.0,2020-04-22
1222,2666.0,2640.6,2020-04-23
1223,2634.4,2621.0,2020-04-24
1224,2651.6,2715.0,2020-04-27
1225,2730.2,2754.8,2020-04-28
1226,2807.0,2870.0,2020-04-29
1227,2898.0,2850.8,2020-04-30
1228,2809.8,2828.8,2020-05-04
1229,2849.0,2842.2,2020-05-05
1230,2849.2,2864.0,2020-05-06
1231,2869.0,2910.2,2020-05-07
1232,2979.2,2975.2,2020-05-08
1233,2968.2,2977.0,2020-05-12
1234,2959.0,2893.4,2020-05-13
1235,2875.0,2821.8,2020-05-14
1236,2856.8,2839.6,2020-05-15
1237,2885.4,2945.0,2020-05-18
1238,2975.2,2970.0,2020-05-19
1239,2956.8,2964.6,2020-05-20
1240,2942.0,2910.8,2020-05-21
1241,2887.6,2905.0,2020-05-22
1242,2914.2,2960.6,2020-05-25
1243,2968.2,2913.2,2020-05-26
1244,2905.8,2826.0,2020-05-27
1245,2876.8,2888.0,2020-05-28
1246,2865.0,2833.2,2020-05-29
1247,2849.6,2846.0,2020-06-01
1248,2845.0,2837.8,2020-06-02
1249,2837.2,2867.6,2020-06-03
1250,2856.0,2861.6,2020-06-04
1251,2871.0,2884.0,2020-06-05
1252,2896.6,2873.2,2020-06-08
1253,2897.0,2902.0,2020-06-09
1254,2896.2,2881.2,2020-06-10
1255,2873.0,2850.0,2020-06-11
1256,2836.0,2967.4,2020-06-15
1257,2984.2,3009.0,2020-06-16
1258,3024.8,3068.2,2020-06-17
1259,3058.6,3108.0,2020-06-18
1260,3108.0,3155.0,2020-06-19
1261,3170.2,3254.2,2020-06-22
1262,3240.4,3358.6,2020-06-23
1263,3432.2,3499.0,2020-06-25
1264,3476.2,3430.0,2020-06-26
1265,3431.2,3467.0,2020-06-29
1266,3467.6,3545.6,2020-06-30
1267,3524.0,3548.6,2020-07-02
1268,3560.4,3549.6,2020-07-03
1269,3572.8,3639.0,2020-07-06
1270,3643.0,3598.8,2020-07-07
1271,3595.4,3581.8,2020-07-08
1272,3590.0,3637.8,2020-07-09
1273,3629.6,3633.0,2020-07-10
1274,3637.0,3678.0,2020-07-13
1275,3670.2,3772.0,2020-07-14
1276,3762.0,3882.8,2020-07-15
1277,3844.8,3824.0,2020-07-16
1278,3824.0,3950.0,2020-07-17
1279,3957.0,4029.0,2020-07-20
1280,4015.0,3964.0,2020-07-21
1281,3965.0,4010.0,2020-07-22
1282,4020.0,4002.8,2020-07-23
1283,3982.0,4017.2,2020-07-24
1284,4035.0,4123.0,2020-07-27
1285,4194.0,4114.4,2020-07-28
1286,4131.0,4187.8,2020-07-29
1287,4182.2,4191.0,2020-07-30
1288,4213.0,4257.0,2020-07-31
1289,4261.2,4288.6,2020-08-03
1290,4304.0,4312.0,2020-08-04
1291,4333.2,4340.2,2020-08-05
1292,4335.0,4413.8,2020-08-06
1293,4394.0,4360.0,2020-08-07
1294,4381.0,4205.0,2020-08-10
1295,4228.2,4185.8,2020-08-11
1296,4208.2,4288.8,2020-08-12
1297,4411.0,4366.0,2020-08-13
1298,4406.6,4389.6,2020-08-14
1299,4409.8,4500.0,2020-08-17
1300,4491.6,4503.0,2020-08-18
1301,4513.0,4620.0,2020-08-19
1302,4594.8,4700.0,2020-08-20
1303,4725.0,4772.0,2020-08-21
1304,4800.0,4913.4,2020-08-24
1305,4920.0,5055.0,2020-08-25
1306,5060.4,4973.6,2020-08-26
1307,4993.6,4842.8,2020-08-27
1308,4870.2,4845.0,2020-08-28
1309,4890.6,5089.4,2020-08-31
1310,5080.0,5033.0,2020-09-01
1311,5070.0,5070.0,2020-09-02
1312,5043.0,4917.8,2020-09-03
1313,4885.8,4885.0,2020-09-04
1314,4845.0,4975.0,2020-09-07
1315,4980.6,4670.2,2020-09-08
1316,4698.8,4743.4,2020-09-09
1317,4740.0,4597.8,2020-09-10
1318,4629.8,4662.0,2020-09-11
1319,4679.8,4730.0,2020-09-14
1320,4730.0,4685.8,2020-09-15
1321,4704.6,4637.0,2020-09-16
1322,4606.8,4595.0,2020-09-17
1323,4581.0,4628.0,2020-09-18
1324,4627.0,4527.8,2020-09-21
1325,4534.0,4900.0,2020-09-22
1326,4980.8,5008.6,2020-09-23
1327,5016.6,4775.0,2020-09-24
1328,4800.0,4934.0,2020-09-25
1329,4958.0,5080.0,2020-09-28
1330,5071.0,5095.0,2020-09-29
1331,5078.4,5062.0,2020-09-30
1332,5070.0,4928.8,2020-10-01
1333,4908.0,4907.0,2020-10-02
1334,4938.0,4980.0,2020-10-05
1335,4992.0,4869.0,2020-10-06
1336,4891.8,4779.4,2020-10-07
1337,4804.0,4714.6,2020-10-08
1338,4732.2,4683.0,2020-10-09
1339,4697.8,4759.8,2020-10-12
1340,4750.4,4838.8,2020-10-13
1341,4845.2,4772.0,2020-10-14
1342,4755.4,4754.4,2020-10-15
1343,4754.0,4530.0,2020-10-16
1344,4551.8,4457.0,2020-10-19
1345,4465.0,4340.0,2020-10-20
1346,4352.8,4410.2,2020-10-21
1347,4400.0,4455.0,2020-10-22
1348,4441.0,4523.2,2020-10-23
1349,4499.8,4504.0,2020-10-26
1350,4499.8,4600.8,2020-10-27
1351,4590.0,4586.0,2020-10-28
1352,4600.0,4637.2,2020-10-29
1353,4597.6,4561.0,2020-10-30
1354,4560.0,4589.2,2020-11-02
1355,4602.0,4591.0,2020-11-03
1356,4765.4,4854.8,2020-11-05
1357,4831.6,4927.0,2020-11-06
1358,4988.8,4985.4,2020-11-09
1359,4975.0,4696.0,2020-11-10
1360,4726.6,4724.8,2020-11-11
1361,4708.8,4718.8,2020-11-12
1362,4748.8,4799.0,2020-11-13
1363,4805.2,4735.2,2020-11-16
1364,4738.0,4680.0,2020-11-17
1365,4672.0,4691.2,2020-11-18
1366,4696.0,4742.6,2020-11-19
1367,4743.6,4745.6,2020-11-20
1368,4750.0,4687.6,2020-11-23
1369,4711.0,4935.8,2020-11-24
1370,4950.2,4946.0,2020-11-25
1371,4940.0,4985.2,2020-11-26
1372,5007.0,5115.0,2020-11-27
1373,5099.8,5278.0,2020-11-30
1374,5308.2,5310.4,2020-12-01
1375,5309.0,5193.6,2020-12-02
1376,5211.4,5166.0,2020-12-03
1377,5185.0,5065.2,2020-12-04
1378,5065.4,5002.2,2020-12-07
1379,5009.6,5066.4,2020-12-08
1380,5063.4,5094.0,2020-12-09
1381,5119.6,5169.2,2020-12-10
1382,5140.6,5124.0,2020-12-11
1383,5161.0,5040.0,2020-12-14
1384,5058.8,5050.0,2020-12-15
1385,5076.0,5198.0,2020-12-16
1386,5182.0,5145.4,2020-12-17
1387,5161.0,5082.0,2020-12-18
1388,5100.0,5004.4,2020-12-21
1389,5009.8,5084.0,2020-12-22
1390,5078.0,5113.0,2020-12-23
1391,5137.8,5029.0,2020-12-24
1392,5032.0,5039.8,2020-12-25
1393,5041.0,5026.4,2020-12-28
1394,5014.0,5020.4,2020-12-29
1395,5021.0,5167.0,2020-12-30
1396,5187.8,5185.2,2021-01-04
1397,5184.0,5340.4,2021-01-05
1398,5300.0,5188.8,2021-01-06
1399,5230.0,5254.2,2021-01-08
1400,5257.4,5214.2,2021-01-11
1401,5222.2,5121.8,2021-01-12
1402,5159.2,5079.8,2021-01-13
1403,5098.0,5077.4,2021-01-14
1404,5070.0,4998.0,2021-01-15
1405,5002.0,5043.6,2021-01-18
1406,5055.8,5008.8,2021-01-19
1407,5019.0,5170.0,2021-01-20
1408,5130.2,5069.0,2021-01-21
1409,5028.6,5015.8,2021-01-22
1410,5039.8,4901.8,2021-01-25
1411,4941.8,4898.2,2021-01-26
1412,4909.2,4828.4,2021-01-27
1413,4824.8,4876.2,2021-01-28
1414,4859.8,4760.6,2021-01-29
1415,4786.4,4847.4,2021-02-01
1416,4850.2,4997.0,2021-02-02
1417,4984.0,4917.2,2021-02-03
1418,4934.6,5016.6,2021-02-04
1419,4990.2,4973.6,2021-02-05
1420,5000.0,5060.4,2021-02-08
1421,5061.0,5147.2,2021-02-09
1422,5142.2,5306.0,2021-02-10
1423,5310.0,5361.6,2021-02-11
1424,5374.6,5448.0,2021-02-12
1425,5460.0,5478.0,2021-02-15
1426,5483.8,5348.0,2021-02-16
1427,5348.0,5187.0,2021-02-17
1428,5205.0,5007.8,2021-02-18
1429,5037.4,5005.0,2021-02-19
1430,5053.4,5064.0,2021-02-20
1431,5024.4,4918.0,2021-02-22
1432,4962.2,4928.2,2021-02-24
1433,4948.0,4857.4,2021-02-25
1434,4851.0,4813.2,2021-02-26
1435,4860.0,5004.6,2021-03-01
1436,4962.2,5027.0,2021-03-02
1437,5050.2,4890.2,2021-03-03
1438,4908.0,4718.2,2021-03-04
1439,4729.8,4722.8,2021-03-05
1440,4590.0,4707.6,2021-03-09
1441,4725.0,4692.0,2021-03-10
1442,4716.0,4889.8,2021-03-11
1443,4858.8,4960.4,2021-03-12
1444,4971.0,5039.0,2021-03-15
1445,5049.2,5161.8,2021-03-16
1446,5136.0,5037.6,2021-03-17
1447,5074.8,4858.0,2021-03-18
1448,4872.0,4880.0,2021-03-19
1449,4891.0,4891.0,2021-03-22
1450,4890.6,4906.0,2021-03-23
1451,4909.2,4850.0,2021-03-24
1452,4855.0,4741.0,2021-03-25
1453,4765.0,4785.0,2021-03-26
1454,4784.8,4830.0,2021-03-29
1455,4813.4,4788.0,2021-03-30
1456,4807.0,4859.0,2021-03-31
1457,4886.0,4949.2,2021-04-01
1458,4960.0,4935.0,2021-04-02
1459,4935.2,4940.0,2021-04-05
1460,4934.6,4961.8,2021-04-06
1461,4962.4,4845.2,2021-04-07
1462,4872.4,4888.0,2021-04-08
1463,4885.0,4813.0,2021-04-09
1464,4806.0,4854.8,2021-04-12
1465,4865.0,4600.0,2021-04-13
1466,4631.6,4661.0,2021-04-14
1467,4635.0,4677.8,2021-04-15
1468,4682.2,4690.0,2021-04-16
1469,4695.0,4663.8,2021-04-19
1470,4679.4,4665.6,2021-04-20
1471,4679.0,4648.0,2021-04-21
1472,4642.0,4605.0,2021-04-22
1473,4624.8,4570.2,2021-04-23
1474,4570.2,4703.6,2021-04-26
1475,4707.0,4732.0,2021-04-27
1476,4732.0,4834.8,2021-04-28
1477,4851.0,5040.0,2021-04-29
1478,5026.8,4934.8,2021-04-30
1479,4913.8,4802.2,2021-05-04
1480,4827.2,4864.4,2021-05-05
1481,4848.8,4828.6,2021-05-06
1482,4840.0,4831.6,2021-05-07
1483,4824.0,4702.8,2021-05-10
1484,4677.0,4678.0,2021-05-11
1485,4678.0,4601.0,2021-05-12
1486,4600.0,4638.4,2021-05-13
1487,4650.0,4687.0,2021-05-14
1488,4686.0,4704.2,2021-05-17
1489,4730.0,4740.0,2021-05-18
1490,4759.8,4741.6,2021-05-19
1491,4745.2,4750.8,2021-05-20
1492,4740.2,4767.2,2021-05-21
1493,4790.0,4891.8,2021-05-24
1494,4890.0,4897.8,2021-05-25
1495,4905.4,4995.4,2021-05-26
1496,4995.4,4962.2,2021-05-27
1497,4980.8,4945.0,2021-05-28
1498,4977.0,4942.0,2021-05-31
1499,4954.0,4933.0,2021-06-01
1500,4933.0,4948.0,2021-06-02
1501,4975.0,4901.8,2021-06-03
1502,4919.0,4923.4,2021-06-04
1503,4924.0,4911.4,2021-06-07
1504,4922.4,4889.6,2021-06-08
1505,4892.0,4973.0,2021-06-09
1506,4972.8,5005.8,2021-06-10
1507,5020.0,5056.8,2021-06-11
1508,5070.2,5090.0,2021-06-14
1509,5089.0,4925.0,2021-06-15
1510,4932.8,4962.8,2021-06-16
1511,4950.4,5041.4,2021-06-17
1512,5020.2,5047.0,2021-06-18
1513,5047.4,5008.4,2021-06-21
1514,5008.4,5007.0,2021-06-22
1515,5008.8,5040.0,2021-06-23
1516,5050.6,5033.0,2021-06-24
1517,5050.0,5088.0,2021-06-25
1518,5088.0,5099.8,2021-06-28
1519,5100.0,5084.6,2021-06-29
1520,5071.0,5176.6,2021-06-30
1521,5180.0,5168.6,2021-07-01
1522,5140.6,5216.0,2021-07-02
1523,5239.0,5212.4,2021-07-05
1524,5205.0,5247.4,2021-07-06
1525,5248.0,5341.4,2021-07-07
1526,5340.0,5354.2,2021-07-08
1527,5371.0,5235.8,2021-07-09
1528,5250.2,5281.0,2021-07-12
1529,5275.0,5256.8,2021-07-13
1530,5240.2,5177.8,2021-07-14
1531,5176.8,5188.0,2021-07-15
1532,5188.0,5150.0,2021-07-16
1533,5150.0,5109.0,2021-07-19
1534,5122.4,5095.4,2021-07-20
1535,5100.0,5151.2,2021-07-21
1536,5160.0,5165.8,2021-07-22
1537,5180.0,5196.4,2021-07-23
1538,5185.8,5155.2,2021-07-26
1539,5155.0,5035.2,2021-07-27
1540,5000.2,5076.8,2021-07-28
1541,5076.0,5034.6,2021-07-29
1542,5008.4,4970.4,2021-07-30
1543,4994.0,4938.0,2021-08-02
1544,4951.0,4934.0,2021-08-03
1545,4945.4,4989.6,2021-08-04
1546,4992.4,4995.0,2021-08-05
1547,4994.2,4971.2,2021-08-06
1548,4971.2,4971.0,2021-08-09
1549,4986.4,4966.2,2021-08-10
1550,4966.4,5036.4,2021-08-11
1551,5025.2,4984.4,2021-08-12
1552,4984.8,4975.0,2021-08-13
1553,4971.0,5093.0,2021-08-16
1554,5060.0,5065.2,2021-08-17
1555,5098.6,5055.2,2021-08-18
1556,5054.0,5065.6,2021-08-19
1557,5065.6,5061.0,2021-08-20
1558,5094.4,5104.0,2021-08-23
1559,5110.4,5159.0,2021-08-24
1560,5150.0,5129.6,2021-08-25
1561,5129.6,5219.0,2021-08-26
1562,5216.0,5308.0,2021-08-27
1563,5308.2,5352.4,2021-08-30
1564,5385.8,5615.0,2021-08-31
1565,5621.2,5699.6,2021-09-01
1566,5725.0,5636.4,2021-09-02
1567,5649.8,5732.6,2021-09-03
1568,5740.0,5804.0,2021-09-06
1569,5810.0,5690.8,2021-09-07
1570,5685.0,5712.6,2021-09-08
1571,5701.4,5735.0,2021-09-09
1572,5746.0,5868.4,2021-09-10
1573,5906.6,5939.2,2021-09-13
1574,5942.0,5973.0,2021-09-14
1575,5962.0,5892.0,2021-09-15
1576,5892.0,5872.0,2021-09-16
1577,5884.0,5828.4,2021-09-17
1578,5826.8,5785.0,2021-09-20
1579,5808.0,5771.8,2021-09-21
1580,5780.2,5755.0,2021-09-22
1581,5755.0,5885.0,2021-09-23
1582,5890.0,5850.4,2021-09-24
1583,5858.0,5949.2,2021-09-27
1584,5950.0,5788.0,2021-09-28
1585,5799.8,5762.4,2021-09-29
1586,5769.6,5804.6,2021-09-30
1587,5774.0,5766.4,2021-10-01
1588,5764.8,5504.0,2021-10-04
1589,5470.0,5594.2,2021-10-05
1590,5590.0,5694.2,2021-10-06
1591,5698.2,5705.2,2021-10-07
1592,5700.4,5701.6,2021-10-08
1593,5702.2,5622.2,2021-10-11
1594,5600.0,5549.0,2021-10-12
1595,5560.0,5553.8,2021-10-13
1596,5597.0,5518.0,2021-10-14
1597,5549.6,5427.2,2021-10-15
1598,5403.4,5488.8,2021-10-18
1599,5495.0,5480.0,2021-10-19
1600,5491.0,5420.2,2021-10-20
1601,5416.0,5390.0,2021-10-21
1602,5385.0,5325.8,2021-10-22
1603,5340.0,5383.0,2021-10-25
1604,5415.6,5309.6,2021-10-26
1605,5315.0,5573.8,2021-10-27
1606,5557.8,5823.0,2021-10-28
1607,5808.0,5879.2,2021-10-29
1608,5860.8,5890.0,2021-11-01
1609,5897.0,5942.4,2021-11-02
1610,5940.0,6027.0,2021-11-03
1611,6028.0,6120.0,2021-11-05
1612,6148.0,6161.0,2021-11-08
1613,6135.0,5990.4,2021-11-09
1614,5990.6,5857.8,2021-11-10
1615,5880.2,5966.6,2021-11-11
1616,5975.0,5970.2,2021-11-12
1617,5970.2,5928.4,2021-11-15
1618,5927.0,5936.4,2021-11-16
1619,5931.2,5931.6,2021-11-17
1620,5925.0,5993.8,2021-11-18
1621,5999.8,5968.8,2021-11-19
1622,6000.0,5450.0,2021-11-22
1623,5430.0,5571.0,2021-11-23
1624,5594.0,5542.2,2021-11-24
1625,5561.2,5552.8,2021-11-25
1626,5416.2,5380.0,2021-11-26
1627,5395.0,5407.0,2021-11-29
1628,5353.0,5359.4,2021-11-30
1629,5412.0,5330.8,2021-12-01
1630,5338.4,5255.0,2021-12-02
1631,5260.0,5100.6,2021-12-03
1632,5100.6,5068.0,2021-12-06
1633,5080.2,4992.0,2021-12-07
1634,5016.0,4932.2,2021-12-08
1635,4934.0,4853.6,2021-12-09
1636,4859.0,4664.0,2021-12-10
1637,4674.4,4560.0,2021-12-13
1638,4560.0,4586.4,2021-12-14
1639,4587.4,4511.6,2021-12-15
1640,4526.0,4609.6,2021-12-16
1641,4610.0,4630.2,2021-12-17
1642,4599.8,4474.8,2021-12-20
1643,4490.0,4578.8,2021-12-21
1644,4621.0,4488.4,2021-12-22
1645,4500.0,4410.6,2021-12-23
1646,4426.4,4424.8,2021-12-24
1647,4427.0,4467.8,2021-12-27
1648,4471.0,4482.0,2021-12-28
1649,4482.0,4418.8,2021-12-29
1650,4426.6,4569.4,2021-12-30
1651,4569.4,4515.2,2022-01-03
1652,4525.8,4479.8,2022-01-04
1653,4477.0,4275.0,2022-01-05
1654,4269.6,4226.6,2022-01-06
1656,4194.0,4196.4,2022-01-10
1657,4217.2,4338.2,2022-01-11
1658,4343.0,4393.2,2022-01-12
1659,4393.2,4168.0,2022-01-13
1660,4153.0,3938.6,2022-01-14
1661,3952.0,4075.6,2022-01-17
1662,4076.0,3769.0,2022-01-18
1663,3769.0,3701.8,2022-01-19
1664,3701.8,3669.2,2022-01-20
1665,3650.0,3490.0,2022-01-21
1666,3491.8,3345.0,2022-01-24
1667,3330.0,3409.2,2022-01-25
1668,3427.0,3364.8,2022-01-26
1669,3315.0,3405.2,2022-01-27
1670,3420.8,3448.4,2022-01-28
1671,3488.0,3717.6,2022-01-31
1672,3715.0,3724.0,2022-02-01
1673,3749.0,3675.0,2022-02-02
1674,3630.0,3517.0,2022-02-03
1675,3575.0,3502.4,2022-02-04
1676,3511.4,3468.0,2022-02-07
1677,3478.0,3624.2,2022-02-08
1678,3640.2,3763.0,2022-02-09
1679,3763.0,3805.0,2022-02-10
1680,3768.2,3429.8,2022-02-11
1681,3428.2,3471.4,2022-02-14
1682,3518.8,3953.2,2022-02-15
1683,3981.0,4044.8,2022-02-16
1684,4044.8,3772.6,2022-02-17
1685,3800.0,3475.4,2022-02-18
1686,3470.0,3065.8,2022-02-21
1687,3026.8,3154.8,2022-02-22
1689,2954.0,1990.0,2022-02-24
1690,1949.8,1931.2,2022-02-25
1710,2010.0,2020.0,2022-03-29
1711,2100.0,2154.0,2022-03-30
1712,2233.0,2259.0,2022-03-31
1713,2299.4,2325.0,2022-04-01
1714,2370.0,2285.0,2022-04-04
1715,2295.4,2158.4,2022-04-05
1716,2109.0,2070.8,2022-04-06
1717,2071.0,2130.0,2022-04-07
1718,2173.8,2115.0,2022-04-08
1719,2120.0,2097.0,2022-04-11
1720,2097.0,2074.0,2022-04-12
1721,2088.0,2088.0,2022-04-13
1722,2088.0,1945.2,2022-04-14
1723,1955.4,1979.6,2022-04-15
1724,1998.0,1880.2,2022-04-18
1725,1885.2,1857.6,2022-04-19
1726,1867.0,1789.8,2022-04-20
1727,1794.6,1646.0,2022-04-21
1728,1670.0,1692.0,2022-04-22
1729,1692.0,1520.8,2022-04-25
1730,1520.8,1600.8,2022-04-26
1731,1620.0,1748.6,2022-04-27
1732,1767.0,1721.0,2022-04-28
1733,1735.0,1766.6,2022-04-29
1734,1792.2,1699.0,2022-05-04
1735,1719.0,1734.4,2022-05-05
1736,1734.0,1688.0,2022-05-06
1737,1688.0,1677.4,2022-05-11
1738,1694.8,1594.0,2022-05-12
1739,1604.6,1593.0,2022-05-13
1740,1618.0,1638.2,2022-05-16
1741,1653.0,1701.0,2022-05-17
1742,1707.8,1715.8,2022-05-18
1743,1700.0,1705.0,2022-05-19
1744,1722.0,1646.0,2022-05-20
1745,1636.0,1592.8,2022-05-23
1746,1592.0,1590.0,2022-05-24
1747,1594.0,1608.0,2022-05-25
1748,1618.0,1670.0,2022-05-26
1749,1700.0,1644.0,2022-05-27
1750,1654.0,1597.6,2022-05-30
1751,1591.0,1567.8,2022-05-31
1752,1566.8,1586.0,2022-06-01
1753,1590.8,1592.0,2022-06-02
1754,1593.0,1497.0,2022-06-03
1755,1513.0,1399.8,2022-06-06
1756,1397.8,1438.0,2022-06-07
1757,1470.0,1456.2,2022-06-08
1758,1456.6,1401.4,2022-06-09
1759,1390.0,1400.8,2022-06-10
1760,1360.0,1386.0,2022-06-14
1761,1398.6,1390.0,2022-06-15
1762,1404.0,1456.2,2022-06-16
1763,1472.0,1465.0,2022-06-17
1764,1468.0,1560.8,2022-06-20
1765,1574.8,1533.8,2022-06-21
1766,1525.0,1600.0,2022-06-22
1767,1604.6,1662.0,2022-06-23
1768,1665.0,1645.0,2022-06-24
1769,1660.0,1779.0,2022-06-27
1770,1781.0,1750.0,2022-06-28
1771,1748.8,1712.0,2022-06-29
1772,1710.0,1603.8,2022-06-30
1773,1595.2,1596.0,2022-07-01
1774,1604.6,1660.0,2022-07-04
1775,1680.0,1701.4,2022-07-05
1776,1720.6,1655.0,2022-07-06
1777,1660.0,1711.0,2022-07-07
1778,1729.0,1704.0,2022-07-08
1779,1706.0,1678.0,2022-07-11
1780,1678.0,1660.6,2022-07-12
1781,1660.6,1600.0,2022-07-13
1782,1618.0,1613.6,2022-07-14
1783,1625.6,1638.6,2022-07-15
1784,1650.0,1696.0,2022-07-18
1785,1698.0,1672.4,2022-07-19
1786,1680.0,1715.4,2022-07-20
1787,1720.4,1701.0,2022-07-21
1788,1708.0,1800.0,2022-07-22
1789,1827.0,1973.0,2022-07-25
1790,1994.0,2136.0,2022-07-26
1791,2149.0,2072.0,2022-07-27
1792,2096.0,2063.0,2022-07-28
1793,2055.0,1952.0,2022-07-29
1794,1948.0,1926.2,2022-08-01
1795,1923.0,1891.2,2022-08-02
1796,1898.0,1956.0,2022-08-03
1797,1985.0,2000.0,2022-08-04
1798,2032.0,1837.0,2022-08-05
1799,1984.0,1933.0,2022-08-08
1800,1933.0,1944.4,2022-08-09
1801,1944.6,1971.8,2022-08-10
1802,1980.0,1915.6,2022-08-11
1803,1915.6,1903.0,2022-08-12
1804,1908.0,1904.0,2022-08-15
1805,1917.8,1935.0,2022-08-16
1806,1940.0,1958.0,2022-08-17
1807,1960.0,1966.0,2022-08-18
1808,1964.0,1936.6,2022-08-19
1809,1936.6,2006.0,2022-08-22
1810,2011.0,2082.2,2022-08-23
1811,2095.0,2085.2,2022-08-24
1812,2087.0,2118.8,2022-08-25
1813,2119.4,2100.0,2022-08-26
1814,2100.0,2105.0,2022-08-29
1815,2108.0,2190.0,2022-08-30
1816,2198.0,2170.6,2022-08-31
1817,2184.0,2178.0,2022-09-01
1818,2177.2,2150.0,2022-09-02
1819,2158.0,2155.0,2022-09-05
1820,2156.0,2070.0,2022-09-06
1821,2071.0,2076.0,2022-09-07
1822,2076.0,2064.0,2022-09-08
1823,2071.0,2093.0,2022-09-09
1824,2089.8,2148.6,2022-09-12
1825,2160.0,2191.4,2022-09-13
1826,2193.2,2167.4,2022-09-14
1827,2166.2,2177.6,2022-09-15
1828,2184.8,2206.0,2022-09-16
1829,2206.2,2230.0,2022-09-19
1830,2240.0,2010.0,2022-09-20
1831,1782.2,1899.4,2022-09-21
1832,1902.6,1916.8,2022-09-22
1833,1923.0,1791.8,2022-09-23
1834,1750.2,1543.0,2022-09-26
1835,1575.0,1713.2,2022-09-27
1836,1713.2,1780.0,2022-09-28
1837,1802.4,1840.6,2022-09-29
1838,1840.0,1877.6,2022-09-30
1839,1878.0,1959.0,2022-10-03
1840,1968.0,1985.0,2022-10-04
1841,1987.0,2029.8,2022-10-05
1842,2043.8,2004.4,2022-10-06
1843,1993.0,1930.2,2022-10-07
1844,1810.0,1998.0,2022-10-10
1845,2003.0,2006.6,2022-10-11
1846,2019.8,2044.0,2022-10-12
1847,2044.2,2032.0,2022-10-13
1848,2039.0,1991.0,2022-10-14
1849,2001.0,2022.2,2022-10-17
1850,2034.4,1968.0,2022-10-18
1851,1968.0,1927.4,2022-10-19
1852,1935.0,1928.8,2022-10-20
1853,1929.0,1976.0,2022-10-21
1854,1982.0,1973.4,2022-10-24
1855,1976.0,2020.2,2022-10-25
1856,2030.0,2008.0,2022-10-26
1857,2018.2,2021.0,2022-10-27
1858,2011.4,2021.8,2022-10-28
1859,2030.0,2109.0,2022-10-31
1860,2119.0,2157.0,2022-11-01
1861,2160.0,2110.0,2022-11-02
1862,2110.0,2119.0,2022-11-03
1863,2146.0,2151.6,2022-11-07
1864,2155.0,2127.6,2022-11-08
1865,2130.0,2060.4,2022-11-09
1866,2060.4,2111.6,2022-11-10
1867,2119.8,2122.2,2022-11-11
1868,2122.2,2132.4,2022-11-14
1869,2140.0,2071.6,2022-11-15
1870,2089.0,2114.2,2022-11-16
1871,2120.0,2097.8,2022-11-17
1872,2097.0,2098.2,2022-11-18
1873,2091.0,2068.0,2022-11-21
1874,2067.6,2083.8,2022-11-22
1875,2092.8,2135.0,2022-11-23
1876,2151.0,2130.0,2022-11-24
1877,2120.0,2020.4,2022-11-25
1878,1995.0,1914.2,2022-11-28
1879,1918.8,1986.2,2022-11-29
1880,1988.0,1996.6,2022-11-30
1881,2000.0,1980.2,2022-12-01
1882,1980.2,1971.2,2022-12-02
1883,1963.2,1985.8,2022-12-05
1884,1988.0,1989.4,2022-12-06
1885,1989.4,1976.4,2022-12-07
1886,1976.6,1958.4,2022-12-08
1887,1950.2,1949.4,2022-12-09
1888,1950.8,1921.8,2022-12-12
1889,1926.0,1899.2,2022-12-13
1890,1900.0,1851.0,2022-12-14
1891,1850.0,1849.6,2022-12-15
1892,1854.8,1836.4,2022-12-16
1893,1830.0,1768.8,2022-12-19
1894,1764.6,1842.0,2022-12-20
1895,1856.0,1833.8,2022-12-21
1896,1836.4,1847.0,2022-12-22
1897,1847.0,1821.2,2022-12-23
1898,1826.0,1811.4,2022-12-26
1899,1817.2,1834.0,2022-12-27
1900,1822.8,1815.8,2022-12-28
1901,1816.6,1819.6,2022-12-29
1902,1812.2,1817.8,2022-12-30
1903,1817.0,1832.0,2023-01-03
1904,1832.0,1867.0,2023-01-04
1905,1871.0,1855.4,2023-01-05
1906,1856.0,1850.4,2023-01-06
1907,1855.8,1866.8,2023-01-09
1908,1869.8,1870.0,2023-01-10
1909,1874.8,1909.0,2023-01-11
1910,1909.0,1897.8,2023-01-12
1911,1900.0,1912.0,2023-01-13
1912,1925.6,1953.8,2023-01-16
1913,1959.0,1889.6,2023-01-17
1914,1889.0,1906.6,2023-01-18
1915,1910.0,1882.4,2023-01-19
1916,1877.8,1904.8,2023-01-20
1917,1910.0,1945.0,2023-01-23
1918,1949.6,1919.8,2023-01-24
1919,1920.2,1914.8,2023-01-25
1920,1910.0,1902.8,2023-01-26
1921,1900.0,1912.0,2023-01-27
1922,1912.0,1934.0,2023-01-30
1923,1938.6,2047.2,2023-01-31
1924,2050.0,2088.0,2023-02-01
1925,2099.8,2075.0,2023-02-02
1926,2074.8,2055.8,2023-02-03
1927,2070.0,2094.6,2023-02-06
1928,2090.0,2076.6,2023-02-07
1929,2080.6,2060.2,2023-02-08
1930,2057.2,2040.4,2023-02-09
1931,2046.2,2060.8,2023-02-10
1932,2071.0,2065.2,2023-02-13
1933,2064.8,2028.6,2023-02-14
1934,2030.2,1969.2,2023-02-15
1935,1980.0,1976.4,2023-02-16
1936,1975.0,1971.0,2023-02-17
1937,1963.0,1958.0,2023-02-20
1938,1970.0,1993.8,2023-02-21
1939,1998.6,1980.4,2023-02-22
1940,1986.4,1986.6,2023-02-24
1941,1948.0,2007.4,2023-02-27
1942,2015.0,2015.0,2023-02-28
1943,2016.0,2033.8,2023-03-01
1944,2037.8,1970.8,2023-03-02
1945,1970.4,1984.2,2023-03-03
1946,1996.0,1973.0,2023-03-06
1947,1974.8,1961.8,2023-03-07
1948,1962.0,1942.0,2023-03-09
1949,1933.8,1917.0,2023-03-10
1950,1919.4,1907.4,2023-03-13
1951,1912.2,1901.2,2023-03-14
1952,1906.8,1864.2,2023-03-15
1953,1855.0,1851.0,2023-03-16
1954,1859.8,1898.0,2023-03-17
1955,1900.0,1910.0,2023-03-20
1956,1915.0,1887.6,2023-03-21
1957,1885.0,1887.8,2023-03-22
1958,1886.2,1902.0,2023-03-23
1959,1905.0,1886.4,2023-03-24
1960,1888.4,1919.6,2023-03-27
1961,1923.6,1929.6,2023-03-28
1962,1932.4,1919.6,2023-03-29
1963,1919.6,1917.4,2023-03-30
1964,1924.0,1901.6,2023-03-31
1965,1910.6,1913.0,2023-04-03
1966,1917.0,1905.0,2023-04-04
1967,1905.8,1907.2,2023-04-05
1968,1907.2,1912.8,2023-04-06
1969,1917.0,1919.8,2023-04-07
1970,1925.0,1993.0,2023-04-10
1971,1998.0,1952.2,2023-04-11
1972,1962.0,1953.6,2023-04-12
1973,1959.4,1954.0,2023-04-13
1974,1957.0,1945.0,2023-04-14
1975,1955.0,1964.8,2023-04-17
1976,1970.0,1981.4,2023-04-18
1977,1987.0,1989.6,2023-04-19
1978,1996.2,2098.6,2023-04-20
1979,2106.6,2086.8,2023-04-21
1980,2087.0,2080.0,2023-04-24
1981,2087.4,2059.4,2023-04-25
1982,2063.0,2113.0,2023-04-26
1983,2123.2,2101.6,2023-04-27
1984,2102.0,2070.6,2023-04-28
1985,2075.0,2015.0,2023-05-02
1986,2028.6,1930.4,2023-05-03
1987,1935.0,1979.6,2023-05-04
1988,1979.4,1948.0,2023-05-05
1989,1949.0,1943.0,2023-05-08
1990,1956.0,2008.8,2023-05-10
1991,2030.0,2007.2,2023-05-11
1992,2000.0,2012.0,2023-05-12
1993,2020.0,2049.6,2023-05-15
1994,2056.6,2045.6,2023-05-16
1995,2047.4,2058.0,2023-05-17
1996,2064.0,2032.8,2023-05-18
1997,2033.0,2223.2,2023-05-19
1998,2300.0,2300.0,2023-05-22
1999,2318.0,2242.8,2023-05-23
